{"cameraMode":{"drawMode":0,"name":"Shaded","section":"Shading Mode"},"sceneLighting":false,"audioPlay":false,"sceneViewState":{"m_AlwaysRefresh":false,"showFog":true,"showSkybox":false,"showFlares":true,"showImageEffects":true,"showParticleSystems":true,"showVisualEffectGraphs":true,"m_FxEnabled":true},"in2DMode":false,"pivot":{"x":1.7440718412399293,"y":-4.075123310089111,"z":-5.734092712402344},"rotation":{"x":-0.07523135840892792,"y":0.01405660156160593,"z":-0.0010608931770548225,"w":-0.997069776058197},"size":1.0665552616119385,"orthographic":false}