{"cameraMode":{"drawMode":0,"name":"Shaded","section":"Shading Mode"},"sceneLighting":false,"audioPlay":false,"sceneViewState":{"m_AlwaysRefresh":false,"showFog":true,"showSkybox":false,"showFlares":true,"showImageEffects":true,"showParticleSystems":true,"showVisualEffectGraphs":true,"m_FxEnabled":true},"in2DMode":false,"pivot":{"x":0.4648732542991638,"y":-4.297069072723389,"z":-0.01957845687866211},"rotation":{"x":-0.018242578953504564,"y":0.07132314145565033,"z":0.001304324367083609,"w":0.9972920417785645},"size":1.2956098318099976,"orthographic":false}